<?xml version="1.0" encoding="UTF-8"?>
<addon id="plugin.video.nbastreams"
version="1.0.0"
name="NBA Streams"
provider-name="ninjakid">
<requires>
  <import addon="xbmc.python" version="2.26.0"/>
</requires>
<extension point="xbmc.python.pluginsource" library="main.py">
  <provides>video</provides>
</extension>
<extension point="xbmc.addon.metadata">
  <summary lang="en">NBA Streams</summary>
  <description lang="en_GB">A video plugin to watch NBA in Kodi mediacenter.</description>
  <disclaimer lang="en_GB">Streams are provided by nba-streams.xyz.</disclaimer>
  <assets>
    <icon>icon.png</icon>
    <fanart>fanart.jpg</fanart>
    <screenshot>resources\screenshot-01.jpg</screenshot>
    <screenshot>resources\screenshot-02.jpg</screenshot>
    <screenshot>resources\screenshot-03.jpg</screenshot>    
  </assets>
  <news>Updated with latest artwork metadata</news>
</extension>
</addon>